proceedingId,proceedingName,proceedingYear
cp0,proceeding0,2019
cp1,proceeding1,2002
cp2,proceeding2,2014
cp3,proceeding3,2016
cp4,proceeding4,2019
cp5,proceeding5,2001
cp6,proceeding6,2007
cp7,proceeding7,2015
cp8,proceeding8,2016
cp9,proceeding9,2009
cp10,proceeding10,2021
cp11,proceeding11,2006
cp12,proceeding12,2002
cp13,proceeding13,2017
cp14,proceeding14,2016
cp15,proceeding15,2011
cp16,proceeding16,2003
cp17,proceeding17,2008
cp18,proceeding18,2012
cp19,proceeding19,2002
cp20,proceeding20,2014
cp21,proceeding21,2005
cp22,proceeding22,2020
cp23,proceeding23,2012
cp24,proceeding24,2013
cp25,proceeding25,2014
cp26,proceeding26,2010
cp27,proceeding27,2022
cp28,proceeding28,2009
cp29,proceeding29,2015
cp30,proceeding30,2006
cp31,proceeding31,2022
cp32,proceeding32,2010
cp33,proceeding33,2022
cp34,proceeding34,2012
cp35,proceeding35,2005
cp36,proceeding36,2015
cp37,proceeding37,2008
cp38,proceeding38,2015
cp39,proceeding39,2020
cp40,proceeding40,2013
cp41,proceeding41,2002
cp42,proceeding42,2019
cp43,proceeding43,2001
cp44,proceeding44,2008
cp45,proceeding45,2005
cp46,proceeding46,2007
cp47,proceeding47,2010
cp48,proceeding48,2018
cp49,proceeding49,2012
cp50,proceeding50,2008
cp51,proceeding51,2011
cp52,proceeding52,2022
cp53,proceeding53,2018
cp54,proceeding54,2015
cp55,proceeding55,2014
cp56,proceeding56,2016
cp57,proceeding57,2003
cp58,proceeding58,2021
cp59,proceeding59,2019
cp60,proceeding60,2011
cp61,proceeding61,2017
cp62,proceeding62,2006
cp63,proceeding63,2008
cp64,proceeding64,2014
cp65,proceeding65,2008
cp66,proceeding66,2002
cp67,proceeding67,2002
cp68,proceeding68,2016
cp69,proceeding69,2010
cp70,proceeding70,2020
cp71,proceeding71,2022
cp72,proceeding72,2003
cp73,proceeding73,2018
cp74,proceeding74,2003
cp75,proceeding75,2005
cp76,proceeding76,2013
cp77,proceeding77,2019
cp78,proceeding78,2012
cp79,proceeding79,2020
cp80,proceeding80,2005
cp81,proceeding81,2004
cp82,proceeding82,2004
cp83,proceeding83,2015
cp84,proceeding84,2006
cp85,proceeding85,2007
cp86,proceeding86,2012
cp87,proceeding87,2014
cp88,proceeding88,2014
cp89,proceeding89,2015
cp90,proceeding90,2008
cp91,proceeding91,2022
cp92,proceeding92,2009
cp93,proceeding93,2005
cp94,proceeding94,2020
cp95,proceeding95,2017
cp96,proceeding96,2006
cp97,proceeding97,2004
cp98,proceeding98,2009
cp99,proceeding99,2015
cp100,proceeding100,2010
cp101,proceeding101,2006
cp102,proceeding102,2022
cp103,proceeding103,2021
cp104,proceeding104,2006
cp105,proceeding105,2006
cp106,proceeding106,2016
cp107,proceeding107,2012
cp108,proceeding108,2011
cp109,proceeding109,2014
cp110,proceeding110,2008
cp111,proceeding111,2001
cp112,proceeding112,2018
cp113,proceeding113,2002
cp114,proceeding114,2011
